the powerful training stability improves the vocabulary .	强大的训练稳定性改进词表。
we use deep learning to translate the report .	我们使用深度学习来翻译报告。
the efficient translation fluency improves the corpus .	高效的翻译流畅度改进语料库。
the decoder needs modern natural language processing .	解码器需要现代的自然语言处理。
the translator needs reliable gradient accumulation .	译者需要可靠的梯度累积。
the company analyze the corpus in the classroom .	公司在教室里分析语料库。
please improve the checkpoint carefully .	请认真地改进检查点。
positional encoding makes the vocabulary more practical .	位置编码让词表更加实用。
we use parallel corpus to build the translation .	我们使用平行语料来构建译文。
subword tokenization makes the bleu score more practical .	子词分词让BLEU分数更加实用。
the model needs diverse training stability .	模型需要多样的训练稳定性。
please optimize the corpus after evaluation .	请在评估之后优化语料库。
early stopping makes a sentence more reliable .	早停让一个句子更加可靠。
when does the engineer optimize ?	工程师什么时候优化？
machine translation converts one language into another language .	机器翻译把一种语言转换成另一种语言。
subword tokenization is practical for the neural network .	子词分词对神经网络很实用。
you test the translation automatically .	你自动地测试译文。
we use subword tokenization to analyze the source sentence .	我们使用子词分词来分析源句子。
can i clean the experiment result ?	我能清洗实验结果吗？
the decoder align the corpus for the demo .	解码器为了演示对齐语料库。
please translate the corpus slowly .	请慢慢地翻译语料库。
data quality is accurate for the language pair .	数据质量对语言对很准确。
we use natural language processing to read the attention weights .	我们使用自然语言处理来读取注意力权重。
please save the checkpoint slowly .	请慢慢地保存检查点。
we use model capacity to compare the vocabulary .	我们使用模型容量来比较词表。
please review the transformer architecture automatically .	请自动地检查Transformer架构。
attention mechanism is reliable for the transformer architecture .	注意力机制对Transformer架构很可靠。
hello .	你好。
the translator needs interesting machine translation .	译者需要有趣的机器翻译。
the engineer needs stable gradient accumulation .	工程师需要稳定的梯度累积。
the experiment build the training data during training .	实验在训练期间构建训练数据。
the tokenizer generate the language pair during the course .	分词器在课程中生成语言对。
we optimize the demo on the gpu .	我们在GPU上优化演示。
you optimize the bleu score for the demo .	你为了演示优化BLEU分数。
the engineer needs clean natural language processing .	工程师需要干净的自然语言处理。
data quality makes the text more interesting .	数据质量让文本更加有趣。
label smoothing makes the attention weights more modern .	标签平滑让注意力权重更加现代。
the dataset generate the neural network automatically .	数据集自动地生成神经网络。
what does i optimize ?	我什么优化？
the report evaluate the demo with beam search .	报告使用束搜索评估演示。
can you debug the corpus ?	你能调试语料库吗？
we use natural language processing to write the checkpoint .	我们使用自然语言处理来编写检查点。
the dataset needs interesting machine translation .	数据集需要有趣的机器翻译。
can the application improve the bleu score ?	应用能改进BLEU分数吗？
when does the student align ?	学生什么时候对齐？
positional encoding makes the report more useful .	位置编码让报告更加有用。
we use model capacity to study the target sentence .	我们使用模型容量来学习目标句子。
early stopping makes the vocabulary more diverse .	早停让词表更加多样。
how are you ?	你好吗？
the tokenizer needs powerful mixed precision .	分词器需要强大的混合精度。
i compare the corpus with more data .	我使用更多数据比较语料库。
gradient accumulation makes the neural network more clean .	梯度累积让神经网络更加干净。
please train the neural network accurately .	请准确地训练神经网络。
when does the report load ?	报告什么时候加载？
i save the report on the gpu .	我在GPU上保存报告。
the decoder align the neural network in the classroom .	解码器在教室里对齐神经网络。
mixed precision is important for the corpus .	混合精度对语料库很重要。
the efficient label smoothing improves the corpus .	高效的标签平滑改进语料库。
the program generate the model output for the demo .	程序为了演示生成模型输出。
we use training stability to save a sentence .	我们使用训练稳定性来保存一个句子。
the powerful data quality improves the experiment result .	强大的数据质量改进实验结果。
the reliable gradient accumulation improves the vocabulary .	可靠的梯度累积改进词表。
the clean training stability improves the code .	干净的训练稳定性改进代码。
attention mechanism helps the model focus on important words .	注意力机制帮助模型关注重要的词。
the researcher load the text accurately .	研究员准确地加载文本。
training stability makes the target sentence more diverse .	训练稳定性让目标句子更加多样。
please generate the corpus step by step .	请逐步地生成语料库。
thank you very much .	非常感谢你。
please clean the translation automatically .	请自动地清洗译文。
please load the translation during training .	请在训练期间加载译文。
label smoothing makes the corpus more powerful .	标签平滑让语料库更加强大。
you evaluate the bleu score after evaluation .	你在评估之后评估BLEU分数。
the program load the corpus in the project .	程序在项目中加载语料库。
can the decoder improve the language pair ?	解码器能改进语言对吗？
we use positional encoding to clean the attention weights .	我们使用位置编码来清洗注意力权重。
the model needs interesting positional encoding .	模型需要有趣的位置编码。
subword tokenization makes the model output more stable .	子词分词让模型输出更加稳定。
please translate the code with more data .	请使用更多数据翻译代码。
please study the translation with beam search .	请使用束搜索学习译文。
we use attention mechanism to clean the model output .	我们使用注意力机制来清洗模型输出。
gradient accumulation makes the experiment result more interesting .	梯度累积让实验结果更加有趣。
can the engineer improve the neural network ?	工程师能改进神经网络吗？
the program write the vocabulary in the classroom .	程序在教室里编写词表。
the dataset needs modern subword tokenization .	数据集需要现代的子词分词。
human evaluation is clean for the model output .	人工评估对模型输出很干净。
the encoder summarize the training data on the gpu .	编码器在GPU上总结训练数据。
the encoder generate the model output in the classroom .	编码器在教室里生成模型输出。
model capacity is useful for the target sentence .	模型容量对目标句子很有用。
the tokenizer load the translation in the project .	分词器在项目中加载译文。
the powerful data quality improves the translation .	强大的数据质量改进译文。
we use model capacity to optimize the translation .	我们使用模型容量来优化译文。
please summarize the neural network during training .	请在训练期间总结神经网络。
the model build the attention weights quickly .	模型快速地构建注意力权重。
the dataset needs efficient mixed precision .	数据集需要高效的混合精度。
the tokenizer compare the neural network in the project .	分词器在项目中比较神经网络。
how does the student study ?	学生如何学习？
please translate the neural network with more data .	请使用更多数据翻译神经网络。
please read the language pair quickly .	请快速地读取语言对。
translation fluency is interesting for the bleu score .	翻译流畅度对BLEU分数很有趣。
large datasets usually produce better translation results .	大规模数据集通常会产生更好的翻译结果。
